"file","line","klass","before","after","note"
"core/Commands.c","2465","is-array-test","g_vartbl[i].dims[0] > 0","DimIsRealArray(RAW_DIM(g_vartbl[i], 0))","LIST/variable printer: only emit the ""(...)"" dimension list when the variable is a real array (excludes the -1 empty parameter)."
"core/Commands.c","2470","rank-scan","g_vartbl[i].dims[k] > 0","DimIsRealArray(RAW_DIM(g_vartbl[i], k))","Per-dimension presence test while printing a struct-typed array's bounds."
"core/Commands.c","2473","other","(int64_t)g_vartbl[i].dims[k]","(int64_t)DimUpper(RAW_DIM(g_vartbl[i], k))","Prints the declared upper bound as text; DimUpper is the meaning (a displayed bound), inert in Phase A."
"core/Commands.c","2476","rank-scan","g_vartbl[i].dims[k + 1] > 0","DimIsRealArray(RAW_DIM(g_vartbl[i], k + 1))","Look-ahead to the next dimension slot to decide whether to print a comma."
"core/Commands.c","2530","is-array-test","g_vartbl[i].dims[0] > 0","DimIsRealArray(RAW_DIM(g_vartbl[i], 0))","Same printer for non-struct variables: is this a real array."
"core/Commands.c","2535","rank-scan","g_vartbl[i].dims[k] > 0","DimIsRealArray(RAW_DIM(g_vartbl[i], k))","Per-dimension presence test while printing bounds."
"core/Commands.c","2538","other","(int64_t)g_vartbl[i].dims[k]","(int64_t)DimUpper(RAW_DIM(g_vartbl[i], k))","Prints the declared upper bound as text."
"core/Commands.c","2541","rank-scan","g_vartbl[i].dims[k + 1] > 0","DimIsRealArray(RAW_DIM(g_vartbl[i], k + 1))","Look-ahead for the comma separator."
"core/Commands.c","2659","is-array-test","sm->dims[0] != 0","DimIsAllocated(RAW_DIM(*sm, 0))","LIST TYPE: struct member is an array, so build a dimension string."
"core/Commands.c","2662","rank-scan","sm->dims[d] != 0","!DimIsEnd(RAW_DIM(*sm, d))","Loop terminator over the member's dimension slots."
"core/Commands.c","2667","other","sm->dims[d]","DimUpper(RAW_DIM(*sm, d))","sprintf %d of the member's declared upper bound for display."
"core/Commands.c","5299","is-array-test","g_vartbl[j].dims[0] != 0","DimIsAllocated(RAW_DIM(g_vartbl[j], 0))","DO fast-var scan: skip any candidate that owns array storage (scalars only)."
"core/Commands.c","7680","scalar-test","!g_vartbl[g_VarIndex].dims[0]","DimIsScalar(RAW_DIM(g_vartbl[g_VarIndex], 0))","REDIM: error ""is not an array"" when the variable is not an array. Original was the ! form; DimIsScalar is (d)==0, identical truth value."
"core/Commands.c","7683","is-array-test","g_vartbl[g_VarIndex].dims[0] > 0","DimIsRealArray(RAW_DIM(g_vartbl[g_VarIndex], 0))","REDIM: only a real array (not the -1 empty parameter) has heap memory to capture and dimensions to compare."
"core/Commands.c","7689","verbatim-copy","g_vartbl[g_VarIndex].dims[i]","RAW_DIM(g_vartbl[g_VarIndex], i)","Copies stored slot values into the local dims[] for array_comp(); must stay raw. Local dims[] left untouched."
"core/Commands.c","7819","element-count","(g_vartbl[g_VarIndex].dims[k] - g_OptionBase + 1)","(DimUpper(RAW_DIM(g_vartbl[g_VarIndex], k)) - g_OptionBase + 1)","READ cardinality for an empty-array argument. Element count, but written '- g_OptionBase + 1', so operand order was preserved rather than folding into DimElements."
"core/Commands.c","7840","element-count","(g_vartbl[g_VarIndex].dims[k] - g_OptionBase + 1)","(DimUpper(RAW_DIM(g_vartbl[g_VarIndex], k)) - g_OptionBase + 1)","Second pass of the same READ cardinality calculation; same order-preserving treatment."
"core/Commands.c","8142","is-array-test","g_vartbl[g_VarIndex].dims[0] > 0","DimIsRealArray(RAW_DIM(g_vartbl[g_VarIndex], 0))","RESTORE with a float variable target: SyntaxError if the variable is a real array."
"core/Commands.c","8151","is-array-test","g_vartbl[g_VarIndex].dims[0] > 0","DimIsRealArray(RAW_DIM(g_vartbl[g_VarIndex], 0))","RESTORE with an integer variable target: same array rejection."
"core/Commands.c","8562","empty-param-test","g_vartbl[g_VarIndex].dims[0] == -1","DimIsEmptyParam(RAW_DIM(g_vartbl[g_VarIndex], 0))","DIM/LOCAL: reject an unbound empty array parameter with ""Array dimensions""."
"core/Commands.c","8564","is-array-test","g_vartbl[g_VarIndex].dims[0] > 0","DimIsRealArray(RAW_DIM(g_vartbl[g_VarIndex], 0))","DIM/LOCAL: a real array locks OPTION BASE and uses the allocated pointer."
"core/Commands.c","8589","is-array-test","g_vartbl[VIndexSave].dims[0] > 0","DimIsRealArray(RAW_DIM(g_vartbl[VIndexSave], 0))","Struct initialiser: is the DIMmed struct variable an array (else 1 element)."
"core/Commands.c","8591","rank-scan","g_vartbl[VIndexSave].dims[k]","!DimIsEnd(RAW_DIM(g_vartbl[VIndexSave], k))","Loop terminator over the struct array's dimension slots (bare truthiness in the original)."
"core/Commands.c","8593","element-count","(g_vartbl[VIndexSave].dims[k] + 1 - g_OptionBase)","DimElements(RAW_DIM(g_vartbl[VIndexSave], k))","Literal upper bound + 1 - OPTION BASE; textbook DimElements. Redundant wrapping parens dropped (macro parenthesises)."
"core/Commands.c","8611","is-array-test","member->dims[0] != 0","DimIsAllocated(RAW_DIM(*member, 0))","Struct initialiser: is this member itself an array."
"core/Commands.c","8613","rank-scan","member->dims[k]","!DimIsEnd(RAW_DIM(*member, k))","Loop terminator over the member's dimension slots."
"core/Commands.c","8615","element-count","(member->dims[k] + 1 - g_OptionBase)","DimElements(RAW_DIM(*member, k))","Member element count, literal + 1 - g_OptionBase form."
"core/Commands.c","8663","is-array-test","g_vartbl[g_VarIndex].dims[0] > 0","DimIsRealArray(RAW_DIM(g_vartbl[g_VarIndex], 0))","DIM x(...) = (...) initialiser list path: taken only for a real array followed by '('."
"core/Commands.c","8666","rank-scan","g_vartbl[VIndexSave].dims[k]","!DimIsEnd(RAW_DIM(g_vartbl[VIndexSave], k))","Loop terminator while computing the total number of initialisers expected."
"core/Commands.c","8668","element-count","(g_vartbl[VIndexSave].dims[k] + 1 - g_OptionBase)","DimElements(RAW_DIM(g_vartbl[VIndexSave], k))","Overall array size for the initialiser list."
"core/Commands.c","8706","is-array-test","g_vartbl[VIndexSave].dims[0] > 0","DimIsRealArray(RAW_DIM(g_vartbl[VIndexSave], 0))","STATIC (STRUCTENABLED build): array or string/struct globals are pointed at, not copied."
"core/Commands.c","8708","is-array-test","g_vartbl[VIndexSave].dims[0] > 0","DimIsRealArray(RAW_DIM(g_vartbl[VIndexSave], 0))","Same test in the non-STRUCTENABLED arm of the #ifdef."
"core/Commands.c","8719","verbatim-copy","g_vartbl[g_VarIndex].dims[j] = g_vartbl[VIndexSave].dims[j];","RAW_DIM(g_vartbl[g_VarIndex], j) = RAW_DIM(g_vartbl[VIndexSave], j);","STATIC: copies the whole dimension table slot by slot from global to local pointer var; both sides must stay raw."
"core/Commands.c","8751","is-array-test","g_vartbl[g_VarIndex].dims[0] != 0","DimIsAllocated(RAW_DIM(g_vartbl[g_VarIndex], 0))","CONST: reject anything that has array storage (""Invalid constant"")."
"core/Commands.c","8763","inline-string-storage","sizeof(g_vartbl[g_VarIndex].dims[1])","sizeof(RAW_DIM(g_vartbl[g_VarIndex], 1))","Capacity of the inline short-string area that lives in dimtbl[1..]; sizeof of a slot, must stay raw."
"core/Commands.c","8766","inline-string-storage","&g_vartbl[g_VarIndex].dims[1]","&RAW_DIM(g_vartbl[g_VarIndex], 1)","Points val.s at the inline storage starting at dimtbl[1]; address-of, must stay raw."
"core/Commands.c","8855","is-array-test","g_vartbl[src_idx].dims[0] != 0","DimIsAllocated(RAW_DIM(g_vartbl[src_idx], 0))","STRUCT COPY: source has array storage, so check for empty ()."
"core/Commands.c","8867","rank-scan","g_vartbl[src_idx].dims[d] != 0","!DimIsEnd(RAW_DIM(g_vartbl[src_idx], d))","Loop terminator over the source array's dimensions."
"core/Commands.c","8869","element-count","(g_vartbl[src_idx].dims[d] + 1 - g_OptionBase)","DimElements(RAW_DIM(g_vartbl[src_idx], d))","Source element count for the whole-array copy."
"core/Commands.c","8899","is-array-test","g_vartbl[dst_idx].dims[0] != 0","DimIsAllocated(RAW_DIM(g_vartbl[dst_idx], 0))","STRUCT COPY: destination has array storage."
"core/Commands.c","8909","rank-scan","g_vartbl[dst_idx].dims[d] != 0","!DimIsEnd(RAW_DIM(g_vartbl[dst_idx], d))","Loop terminator over the destination array's dimensions."
"core/Commands.c","8911","element-count","(g_vartbl[dst_idx].dims[d] + 1 - g_OptionBase)","DimElements(RAW_DIM(g_vartbl[dst_idx], d))","Destination element count for the whole-array copy."
"core/Commands.c","8955","scalar-test","g_vartbl[arr_idx].dims[0] == 0","DimIsScalar(RAW_DIM(g_vartbl[arr_idx], 0))","STRUCT SORT: error unless the target is an array (not a single struct)."
"core/Commands.c","8975","rank-scan","g_vartbl[arr_idx].dims[d] != 0","!DimIsEnd(RAW_DIM(g_vartbl[arr_idx], d))","Loop terminator while counting sortable elements."
"core/Commands.c","8977","element-count","(g_vartbl[arr_idx].dims[d] + 1 - g_OptionBase)","DimElements(RAW_DIM(g_vartbl[arr_idx], d))","Number of struct elements to sort."
"core/Commands.c","9200","is-array-test","g_vartbl[var_idx].dims[0] != 0","DimIsAllocated(RAW_DIM(g_vartbl[var_idx], 0))","STRUCT CLEAR: array storage means zero every element, else just one."
"core/Commands.c","9202","rank-scan","g_vartbl[var_idx].dims[d] != 0","!DimIsEnd(RAW_DIM(g_vartbl[var_idx], d))","Loop terminator over dimensions for the memset size."
"core/Commands.c","9204","element-count","(g_vartbl[var_idx].dims[d] + 1 - g_OptionBase)","DimElements(RAW_DIM(g_vartbl[var_idx], d))","Element count feeding memset(struct_size * num_elements)."
"core/Commands.c","9316","is-array-test","(g_vartbl[var_idx].dims[0] != 0)","DimIsAllocated(RAW_DIM(g_vartbl[var_idx], 0))","STRUCT SAVE: is_array flag; redundant outer parens removed since the macro parenthesises."
"core/Commands.c","9330","rank-scan","g_vartbl[var_idx].dims[d] != 0","!DimIsEnd(RAW_DIM(g_vartbl[var_idx], d))","Loop terminator when empty () means save the whole array."
"core/Commands.c","9332","element-count","(g_vartbl[var_idx].dims[d] + 1 - g_OptionBase)","DimElements(RAW_DIM(g_vartbl[var_idx], d))","Elements to save."
"core/Commands.c","9397","is-array-test","(g_vartbl[var_idx].dims[0] != 0)","DimIsAllocated(RAW_DIM(g_vartbl[var_idx], 0))","STRUCT LOAD: is_array flag."
"core/Commands.c","9411","rank-scan","g_vartbl[var_idx].dims[d] != 0","!DimIsEnd(RAW_DIM(g_vartbl[var_idx], d))","Loop terminator when empty () means load the whole array."
"core/Commands.c","9413","element-count","(g_vartbl[var_idx].dims[d] + 1 - g_OptionBase)","DimElements(RAW_DIM(g_vartbl[var_idx], d))","Elements to load."
"core/Commands.c","9453","is-array-test","(g_vartbl[var_idx].dims[0] != 0)","DimIsAllocated(RAW_DIM(g_vartbl[var_idx], 0))","STRUCT PRINT: is_array flag."
"core/Commands.c","9474","rank-scan","g_vartbl[var_idx].dims[d] != 0","!DimIsEnd(RAW_DIM(g_vartbl[var_idx], d))","Loop terminator when printing the whole array."
"core/Commands.c","9476","element-count","(g_vartbl[var_idx].dims[d] + 1 - g_OptionBase)","DimElements(RAW_DIM(g_vartbl[var_idx], d))","Elements to print."
"core/Commands.c","9518","rank-scan","sm->dims[d] != 0","!DimIsEnd(RAW_DIM(*sm, d))","STRUCT PRINT: loop terminator over a member's dimension slots."
"core/Commands.c","9520","element-count","(sm->dims[d] + 1 - g_OptionBase)","DimElements(RAW_DIM(*sm, d))","Element count of an array member being printed."
"core/Commands.c","9671","scalar-test","g_vartbl[src_idx].dims[0] == 0","DimIsScalar(RAW_DIM(g_vartbl[src_idx], 0))","STRUCT EXTRACT: error ""not a single structure"" when the source is not an array."
"core/Commands.c","9673","rank-scan","g_vartbl[src_idx].dims[1] != 0","!DimIsEnd(RAW_DIM(g_vartbl[src_idx], 1))","A second dimension exists -> reject; only 1-D struct arrays are supported."
"core/Commands.c","9691","element-count","g_vartbl[src_idx].dims[0] + 1 - g_OptionBase","DimElements(RAW_DIM(g_vartbl[src_idx], 0))","Cardinality of the 1-D source struct array."
"core/Commands.c","9710","scalar-test","g_vartbl[dst_idx].dims[0] == 0","DimIsScalar(RAW_DIM(g_vartbl[dst_idx], 0))","STRUCT EXTRACT: destination must be an array."
"core/Commands.c","9712","rank-scan","g_vartbl[dst_idx].dims[1] != 0","!DimIsEnd(RAW_DIM(g_vartbl[dst_idx], 1))","Destination must be 1-dimensional."
"core/Commands.c","9716","element-count","g_vartbl[dst_idx].dims[0] + 1 - g_OptionBase","DimElements(RAW_DIM(g_vartbl[dst_idx], 0))","Cardinality of the 1-D destination array."
"core/Commands.c","9785","scalar-test","g_vartbl[src_idx].dims[0] == 0","DimIsScalar(RAW_DIM(g_vartbl[src_idx], 0))","STRUCT INSERT: source must be an array."
"core/Commands.c","9787","rank-scan","g_vartbl[src_idx].dims[1] != 0","!DimIsEnd(RAW_DIM(g_vartbl[src_idx], 1))","Source must be 1-dimensional."
"core/Commands.c","9791","element-count","g_vartbl[src_idx].dims[0] + 1 - g_OptionBase","DimElements(RAW_DIM(g_vartbl[src_idx], 0))","Cardinality of the 1-D source array."
"core/Commands.c","9812","scalar-test","g_vartbl[dst_idx].dims[0] == 0","DimIsScalar(RAW_DIM(g_vartbl[dst_idx], 0))","STRUCT INSERT: destination struct must be an array."
"core/Commands.c","9814","rank-scan","g_vartbl[dst_idx].dims[1] != 0","!DimIsEnd(RAW_DIM(g_vartbl[dst_idx], 1))","Destination struct array must be 1-dimensional."
"core/Commands.c","9832","element-count","g_vartbl[dst_idx].dims[0] + 1 - g_OptionBase","DimElements(RAW_DIM(g_vartbl[dst_idx], 0))","Cardinality of the 1-D destination struct array."
"core/Commands.c","10079","assignment","sm->dims[i] = dims[i];","RAW_DIM(*sm, i) = dims[i];","TYPE definition: stores the parsed local dims[] into the new struct member's table. Store site, raw. Local dims[] untouched."
"core/Commands.c","10165","verbatim-copy","sd->members[i].dims[j]","RAW_DIM(sd->members[i], j)","FindStructMember copies the member's dimension table out to the caller's member_dims[]; raw copy."
"core/Commands.c","10224","scalar-test","g_vartbl[var_idx].dims[0] == 0","DimIsScalar(RAW_DIM(g_vartbl[var_idx], 0))","STRUCT(FIND ...): error ""Expected an array of structures"" when not an array."
"core/Commands.c","10241","rank-scan","g_vartbl[var_idx].dims[d] != 0","!DimIsEnd(RAW_DIM(g_vartbl[var_idx], d))","Loop terminator while counting elements to search."
"core/Commands.c","10243","element-count","(g_vartbl[var_idx].dims[d] + 1 - g_OptionBase)","DimElements(RAW_DIM(g_vartbl[var_idx], d))","Number of struct elements STRUCT(FIND) will scan."
"core/Functions.c","199","bounds-check","iret = g_vartbl[g_VarIndex].dims[which - 1];","iret = DimUpper(RAW_DIM(g_vartbl[g_VarIndex], which - 1));","fun_bound() ??? the BASIC BOUND(array, n) function. Reads the declared upper bound of dimension n (1-based argument, so index which-1) out of the just-found variable and returns it as the integer result. The value is genuinely reported as an upper bound, not stored or copied, so DimUpper() is the meaning-correct accessor; it expands to the bare expression in Phase A, so the site is inert. The following `if (iret == -1) iret = 0;` reserved-value fixup operates on the local int and was left untouched."
"core/MATHS.c","659","verbatim-copy","dims = g_vartbl[g_VarIndex].dims;","dims = DIM_TABLE(g_vartbl[g_VarIndex]);","parseintegerarray: caller passed dims==NULL, so the local pointer is aliased onto the live variable's whole dimension table (no copy). Whole-array use -> DIM_TABLE."
"core/MATHS.c","682","element-count","j = (g_vartbl[g_VarIndex].dims[i] - g_OptionBase + 1);","j = (DimUpper(RAW_DIM(g_vartbl[g_VarIndex], i)) - g_OptionBase + 1);","STRUCTENABLED branch: per-dimension element count for the struct-array cardinality product. Written '- g_OptionBase + 1', so operand order kept literally with DimUpper rather than collapsed into DimElements."
"core/MATHS.c","694","verbatim-copy","memcpy(dims, g_vartbl[g_VarIndex].dims, MAXDIM * sizeof(int));","memcpy(dims, DIM_TABLE(g_vartbl[g_VarIndex]), MAXDIM * sizeof(int));","rp2350 path: bulk copy of the whole table into the caller's int dims[MAXDIM]."
"core/MATHS.c","696","verbatim-copy","memcpy(dims, g_vartbl[g_VarIndex].dims, MAXDIM * sizeof(short));","memcpy(dims, DIM_TABLE(g_vartbl[g_VarIndex]), MAXDIM * sizeof(short));","rp2040 path: same bulk copy, short table."
"core/MATHS.c","731","verbatim-copy","dims = g_vartbl[g_VarIndex].dims;","dims = DIM_TABLE(g_vartbl[g_VarIndex]);","parsestringarray: dims==NULL fallback aliases the local pointer onto the live table."
"core/MATHS.c","735","verbatim-copy","memcpy(dims, g_vartbl[g_VarIndex].dims, MAXDIM * sizeof(int));","memcpy(dims, DIM_TABLE(g_vartbl[g_VarIndex]), MAXDIM * sizeof(int));","parsestringarray rp2350: whole-table copy."
"core/MATHS.c","737","verbatim-copy","memcpy(dims, g_vartbl[g_VarIndex].dims, MAXDIM * sizeof(short));","memcpy(dims, DIM_TABLE(g_vartbl[g_VarIndex]), MAXDIM * sizeof(short));","parsestringarray rp2040: whole-table copy."
"core/MATHS.c","776","verbatim-copy","dims = g_vartbl[g_VarIndex].dims;","dims = DIM_TABLE(g_vartbl[g_VarIndex]);","parsenumberarray: dims==NULL fallback aliases the local pointer onto the live table."
"core/MATHS.c","802","element-count","j = (g_vartbl[g_VarIndex].dims[i] - g_OptionBase + 1);","j = (DimUpper(RAW_DIM(g_vartbl[g_VarIndex], i)) - g_OptionBase + 1);","parsenumberarray STRUCTENABLED branch: element count per dimension for the cardinality product; original '- g_OptionBase + 1' order preserved."
"core/MATHS.c","814","verbatim-copy","memcpy(dims, g_vartbl[g_VarIndex].dims, MAXDIM * sizeof(int));","memcpy(dims, DIM_TABLE(g_vartbl[g_VarIndex]), MAXDIM * sizeof(int));","parsenumberarray rp2350: whole-table copy."
"core/MATHS.c","816","verbatim-copy","memcpy(dims, g_vartbl[g_VarIndex].dims, MAXDIM * sizeof(short));","memcpy(dims, DIM_TABLE(g_vartbl[g_VarIndex]), MAXDIM * sizeof(short));","parsenumberarray rp2040: whole-table copy."
"core/MATHS.c","856","verbatim-copy","dims = g_vartbl[g_VarIndex].dims;","dims = DIM_TABLE(g_vartbl[g_VarIndex]);","parsefloatarray: dims==NULL fallback aliases the local pointer onto the live table."
"core/MATHS.c","879","element-count","j = (g_vartbl[g_VarIndex].dims[i] - g_OptionBase + 1);","j = (DimUpper(RAW_DIM(g_vartbl[g_VarIndex], i)) - g_OptionBase + 1);","parsefloatarray STRUCTENABLED branch: element count per dimension for the cardinality product; original '- g_OptionBase + 1' order preserved."
"core/MATHS.c","891","verbatim-copy","memcpy(dims, g_vartbl[g_VarIndex].dims, MAXDIM * sizeof(int));","memcpy(dims, DIM_TABLE(g_vartbl[g_VarIndex]), MAXDIM * sizeof(int));","parsefloatarray rp2350: whole-table copy."
"core/MATHS.c","893","verbatim-copy","memcpy(dims, g_vartbl[g_VarIndex].dims, MAXDIM * sizeof(short));","memcpy(dims, DIM_TABLE(g_vartbl[g_VarIndex]), MAXDIM * sizeof(short));","parsefloatarray rp2040: whole-table copy."
"core/MATHS.c","1103","is-array-test","g_vartbl[g_VarIndex].dims[0] <= 0","!DimIsRealArray(RAW_DIM(g_vartbl[g_VarIndex], 0))","parseany T_NBR branch: rejects a non-array ('Argument 1 must be a numerical array'). Slot 0 tested for 'is a real array dimension'."
"core/MATHS.c","1107","rank-scan","g_vartbl[g_VarIndex].dims[1] != 0","!DimIsEnd(RAW_DIM(g_vartbl[g_VarIndex], 1))","parseany T_NBR branch: a second dimension present means not 1D -> StandardError(6)."
"core/MATHS.c","1109","element-count","arraylength = g_vartbl[g_VarIndex].dims[0] - g_OptionBase + 1;","arraylength = DimUpper(RAW_DIM(g_vartbl[g_VarIndex], 0)) - g_OptionBase + 1;","parseany T_NBR branch: number of elements of the 1D array; original '- g_OptionBase + 1' order preserved rather than collapsing to DimElements."
"core/MATHS.c","1121","is-array-test","g_vartbl[g_VarIndex].dims[0] <= 0","!DimIsRealArray(RAW_DIM(g_vartbl[g_VarIndex], 0))","parseany T_INT branch: same non-array rejection as line 1103."
"core/MATHS.c","1125","rank-scan","g_vartbl[g_VarIndex].dims[1] != 0","!DimIsEnd(RAW_DIM(g_vartbl[g_VarIndex], 1))","parseany T_INT branch: second dimension present -> not 1D -> StandardError(6)."
"core/MATHS.c","1127","element-count","arraylength = g_vartbl[g_VarIndex].dims[0] - g_OptionBase + 1;","arraylength = DimUpper(RAW_DIM(g_vartbl[g_VarIndex], 0)) - g_OptionBase + 1;","parseany T_INT branch: element count of the 1D array; operand order preserved."
"core/MATHS.c","1149","is-array-test","g_vartbl[g_VarIndex].dims[0] <= 0","!DimIsRealArray(RAW_DIM(g_vartbl[g_VarIndex], 0))","parseany string-array branch: non-array rejection. The comment above it notes this slot-0 test must come first because a short scalar string is stored inline in dimtbl[1..]; test order left exactly as-is."
"core/MATHS.c","1153","rank-scan","g_vartbl[g_VarIndex].dims[1] != 0","!DimIsEnd(RAW_DIM(g_vartbl[g_VarIndex], 1))","parseany string-array branch: genuine rank test, reached only after slot 0 proved this is an array (so slot 1 is not inline string bytes here) -> not 1D -> StandardError(6)."
"core/MATHS.c","1155","element-count","arraylength = g_vartbl[g_VarIndex].dims[0] - g_OptionBase + 1;","arraylength = DimUpper(RAW_DIM(g_vartbl[g_VarIndex], 0)) - g_OptionBase + 1;","parseany string-array branch: element count of the 1D string array; operand order preserved."
"core/Memory.c","1498","element-count","nbr = g_vartbl[var].dims[0] + 1 - g_OptionBase;","nbr = DimElements(RAW_DIM(g_vartbl[var], 0));","MEMORY usage accounting: seeds the element count for the variable from dimension 0. Text is exactly upper bound + 1 - g_OptionBase, so DimElements is the faithful accessor."
"core/Memory.c","1499","is-array-test","if (g_vartbl[var].dims[0])","if (DimIsAllocated(RAW_DIM(g_vartbl[var], 0)))","Decides whether this variable owns heap array storage (as opposed to being a scalar). Truthiness test on dimtbl[0] -> DimIsAllocated, which expands to (d) != 0."
"core/Memory.c","1501","rank-scan","for (j = 1; j < MAXDIM && g_vartbl[var].dims[j]; j++)","for (j = 1; j < MAXDIM && !DimIsEnd(RAW_DIM(g_vartbl[var], j)); j++)","Walks dimensions 1..MAXDIM-1 until a zero terminates the scan; classic rank scan, so !DimIsEnd."
"core/Memory.c","1502","element-count","nbr *= (g_vartbl[var].dims[j] + 1 - g_OptionBase);","nbr *= DimElements(RAW_DIM(g_vartbl[var], j));","Multiplies in the element count of each further dimension. Original operand order is upper bound + 1 - g_OptionBase, matching DimElements exactly; the redundant outer parens were dropped because DimElements already parenthesises its expansion."
"core/Memory.c","1512","inline-string-storage","if (g_vartbl[var].val.s != (void *)&g_vartbl[var].dims[1])","if (g_vartbl[var].val.s != (void *)&RAW_DIM(g_vartbl[var], 1))","Tests whether a short string is stored inline in dimtbl[1..] rather than in a STRINGSIZE heap block. Takes the ADDRESS of the slot, so it must stay raw."
"core/MMBasic.c","2277","is-array-test","g_vartbl[argVarIndex[i]].dims[0] > 0","DimIsRealArray(RAW_DIM(g_vartbl[argVarIndex[i]], 0))","BYVAL handling: trap a whole array (but not an array element) being passed BYVAL. '> 0' means a real array, deliberately excluding the -1 unbound-parameter encoding."
"core/MMBasic.c","2356","is-array-test","g_vartbl[g_VarIndex].dims[0] > 0","DimIsRealArray(RAW_DIM(g_vartbl[g_VarIndex], 0))","Just-declared local sub/fun parameter: if it is a real array it must have been an empty array -> ""Argument list"" error."
"core/MMBasic.c","2362","empty-param-test","g_vartbl[g_VarIndex].dims[0] == -1","DimIsEmptyParam(RAW_DIM(g_vartbl[g_VarIndex], 0))","The definition declared an unbound empty array parameter, eg SUB s(a()); enters the array-binding path."
"core/MMBasic.c","2365","scalar-test","g_vartbl[argVarIndex[i]].dims[0] == 0","DimIsScalar(RAW_DIM(g_vartbl[argVarIndex[i]], 0))","Caller's argument must be an array; error ""Expected an array"" when it is a plain scalar."
"core/MMBasic.c","2380","verbatim-copy","g_vartbl[argVarIndex[i]].dims[j]","RAW_DIM(g_vartbl[argVarIndex[i]], j)","Source side of the same copy; the value (including the reserved -1) is copied verbatim, so it must stay raw."
"core/MMBasic.c","2380","assignment","g_vartbl[g_VarIndex].dims[j]","RAW_DIM(g_vartbl[g_VarIndex], j)","Store side of the MAXDIM loop that copies the caller's dimension table into the local array parameter."
"core/MMBasic.c","3826","is-array-test","g_vartbl[argVarIndex].dims[0] != 0","DimIsAllocated(RAW_DIM(g_vartbl[argVarIndex], 0))","ValidateStructParam: caller's struct argument has dimensions at all (true for a real array or a -1 empty parameter) before deciding whether to copy them."
"core/MMBasic.c","3842","assignment","g_vartbl[varIndex].dims[j]","RAW_DIM(g_vartbl[varIndex], j)","Store side of the struct-array parameter dimension copy (whole-array pass only)."
"core/MMBasic.c","3842","verbatim-copy","g_vartbl[argVarIndex].dims[j]","RAW_DIM(g_vartbl[argVarIndex], j)","Source side of the same copy; values pass through unchanged."
"core/MMBasic.c","4768","is-array-test","g_vartbl[vindex].dims[0] != 0","DimIsAllocated(RAW_DIM(g_vartbl[vindex], 0))","findvar fast path: a scalar reference (dnbr==0) must not resolve to something with dimensions -> ""Array dimensions""."
"core/MMBasic.c","4775","scalar-test","g_vartbl[vindex].dims[0] == 0","DimIsScalar(RAW_DIM(g_vartbl[vindex], 0))","findvar fast path: an empty-array reference arr() must not resolve to a scalar."
"core/MMBasic.c","4781","rank-scan","g_vartbl[vindex].dims[i] != 0","!DimIsEnd(RAW_DIM(g_vartbl[vindex], i))","Loop that counts the declared rank; 0 terminates the scan."
"core/MMBasic.c","4799","scalar-test","g_vartbl[vindex].dims[0] == 0","DimIsScalar(RAW_DIM(g_vartbl[vindex], 0))","Non-arrayed variable (or empty-array reference) shortcut that returns a pointer to the value directly."
"core/MMBasic.c","4867","bounds-check","dim[i] > g_vartbl[vindex].dims[i]","dim[i] > DimUpper(RAW_DIM(g_vartbl[vindex], i))","Subscript range check against the declared upper bound -> ""Index out of bounds""."
"core/MMBasic.c","4876","element-count","(g_vartbl[vindex].dims[i - 1] + 1 - g_OptionBase)","DimElements(RAW_DIM(g_vartbl[vindex], i - 1))","Row-stride accumulation when flattening a multi-dimensional subscript; exactly upper bound + 1 - OPTION BASE."
"core/MMBasic.c","5075","assignment","g_vartbl[ifree].dims[j] = 0;","RAW_DIM(g_vartbl[ifree], j) = 0;","Zero the whole dimension table when initialising a newly created variable slot."
"core/MMBasic.c","5109","assignment","g_vartbl[vindex].dims[0] = -1;","RAW_DIM(g_vartbl[vindex], 0) = -1;","Store the reserved -1 marking an unbound empty array parameter."
"core/MMBasic.c","5126","assignment","g_vartbl[vindex].dims[i] = dim[i];","RAW_DIM(g_vartbl[vindex], i) = dim[i];","DIM: store each declared upper bound as supplied (no encoding applied in Phase A)."
"core/MMBasic.c","5140","raw-access","j = g_vartbl[ifree].dims[0];","j = RAW_DIM(g_vartbl[ifree], 0);","Save dimtbl[0] verbatim before the slot is temporarily blocked for the GetMemory call; restored at line 5182."
"core/MMBasic.c","5141","assignment","g_vartbl[ifree].dims[0] = 0;","RAW_DIM(g_vartbl[ifree], 0) = 0;","Mark the variable as not allocated while GetMemory may throw ""not enough memory""."
"core/MMBasic.c","5167","inline-string-storage","sizeof(g_vartbl[ifree].dims[1])","sizeof(RAW_DIM(g_vartbl[ifree], 1))","Capacity of the inline short-string area formed by dimtbl[1..MAXDIM-1]; must stay raw (it is a sizeof of the storage slot, not a bound)."
"core/MMBasic.c","5168","inline-string-storage","&g_vartbl[ifree].dims[1]","&RAW_DIM(g_vartbl[ifree], 1)","Takes the address of dimtbl[1] to use the dimension table as inline storage for a short scalar string."
"core/MMBasic.c","5182","assignment","g_vartbl[ifree].dims[0] = j;","RAW_DIM(g_vartbl[ifree], 0) = j;","Restore the saved raw dimtbl[0] after the allocation succeeded."
"core/MMBasic.c","6175","is-array-test","g_vartbl[hashcurrent].dims[0] != 0","DimIsAllocated(RAW_DIM(g_vartbl[hashcurrent], 0))","ClearVars local-level pass (STRUCTENABLED, MMHeap range): owns heap memory that must be freed."
"core/MMBasic.c","6177","is-array-test","g_vartbl[hashcurrent].dims[0] != 0","DimIsAllocated(RAW_DIM(g_vartbl[hashcurrent], 0))","Same test, non-STRUCTENABLED variant of the MMHeap free."
"core/MMBasic.c","6185","is-array-test","g_vartbl[hashcurrent].dims[0] != 0","DimIsAllocated(RAW_DIM(g_vartbl[hashcurrent], 0))","Same test, rp2350 PSRAM range, STRUCTENABLED variant."
"core/MMBasic.c","6187","is-array-test","g_vartbl[hashcurrent].dims[0] != 0","DimIsAllocated(RAW_DIM(g_vartbl[hashcurrent], 0))","Same test, rp2350 PSRAM range, non-STRUCTENABLED variant."
"core/MMBasic.c","6212","is-array-test","g_vartbl[i].dims[0] != 0","DimIsAllocated(RAW_DIM(g_vartbl[i], 0))","ClearVars full-table pass (STRUCTENABLED, MMHeap): owns heap memory."
"core/MMBasic.c","6214","is-array-test","g_vartbl[i].dims[0] != 0","DimIsAllocated(RAW_DIM(g_vartbl[i], 0))","Same, non-STRUCTENABLED variant."
"core/MMBasic.c","6226","is-array-test","g_vartbl[i].dims[0] != 0","DimIsAllocated(RAW_DIM(g_vartbl[i], 0))","Same, rp2350 PSRAM 'all' pass, STRUCTENABLED variant."
"core/MMBasic.c","6228","is-array-test","g_vartbl[i].dims[0] != 0","DimIsAllocated(RAW_DIM(g_vartbl[i], 0))","Same, rp2350 PSRAM 'all' pass, non-STRUCTENABLED variant."
"core/MMBasic.c","6338","is-array-test","g_vartbl[j].dims[0] != 0","DimIsAllocated(RAW_DIM(g_vartbl[j], 0))","ERASE of a named global: owns heap/PSRAM memory that may need freeing."
"core/MMBasic.c","6340","is-array-test","g_vartbl[j].dims[0] != 0","DimIsAllocated(RAW_DIM(g_vartbl[j], 0))","Same, non-STRUCTENABLED variant."
"core/MMBasic.c","6376","assignment","g_vartbl[j].dims[0] = 0;","RAW_DIM(g_vartbl[j], 0) = 0;","ERASE clears the array marker on the freed slot."
"core/MMBasic.c","6616","scalar-test","g_vartbl[g_VarIndex].dims[0] == 0","DimIsScalar(RAW_DIM(g_vartbl[g_VarIndex], 0))","GetCommsTxData: accept a string variable only when it is a plain scalar string, not a string array."
"core/MMBasic.c","6617","rank-scan","g_vartbl[g_VarIndex].dims[1] == 0","DimIsEnd(RAW_DIM(g_vartbl[g_VarIndex], 1))","Same condition: and it must be one-dimensional (no second dimension present)."
"core/MMBasic.c","6617","is-array-test","g_vartbl[g_VarIndex].dims[0] > 0","DimIsRealArray(RAW_DIM(g_vartbl[g_VarIndex], 0))","GetCommsTxData: the numeric argument must be a real array (excludes the -1 empty-parameter encoding)."
"core/MMBasic.c","6645","element-count","(g_vartbl[g_VarIndex].dims[0] + 1 - g_OptionBase)","DimElements(RAW_DIM(g_vartbl[g_VarIndex], 0))","GetCommsTxData float array: offset + len must fit the element count of the (1-D) array."
"core/MMBasic.c","6652","element-count","(g_vartbl[g_VarIndex].dims[0] + 1 - g_OptionBase)","DimElements(RAW_DIM(g_vartbl[g_VarIndex], 0))","Same bound check for the integer-array transmit path."
"core/MMBasic.c","6700","is-array-test","g_vartbl[g_VarIndex].dims[0] != 0","DimIsAllocated(RAW_DIM(g_vartbl[g_VarIndex], 0))","GetCommsRxDest string destination: reject anything with dimensions (a string array or an array parameter)."
"core/MMBasic.c","6708","rank-scan","g_vartbl[g_VarIndex].dims[1] != 0","!DimIsEnd(RAW_DIM(g_vartbl[g_VarIndex], 1))","GetCommsRxDest float destination: reject a second dimension, ie only 1-D arrays are accepted."
"core/MMBasic.c","6712","element-count","(g_vartbl[g_VarIndex].dims[0] + 1 - g_OptionBase)","DimElements(RAW_DIM(g_vartbl[g_VarIndex], 0))","Whole-float-array receive: offset + len must fit the element count."
"core/MMBasic.c","6725","rank-scan","g_vartbl[g_VarIndex].dims[1] != 0","!DimIsEnd(RAW_DIM(g_vartbl[g_VarIndex], 1))","GetCommsRxDest integer destination: reject a second dimension."
"core/MMBasic.c","6729","element-count","(g_vartbl[g_VarIndex].dims[0] + 1 - g_OptionBase)","DimElements(RAW_DIM(g_vartbl[g_VarIndex], 0))","Whole-integer-array receive: offset + len must fit the element count."
"core/MMtrace.c","560","is-array-test","g_vartbl[i].dims[0] != 0","DimIsAllocated(RAW_DIM(g_vartbl[i], 0))","resolve_scalar LOCAL pass: reject the candidate if it is an array (scalar opcodes only)."
"core/MMtrace.c","594","is-array-test","g_vartbl[i].dims[0] != 0","DimIsAllocated(RAW_DIM(g_vartbl[i], 0))","resolve_scalar GLOBAL pass: same array rejection."
"core/MMtrace.c","669","scalar-test","g_vartbl[i].dims[0] == 0","DimIsScalar(RAW_DIM(g_vartbl[i], 0))","resolve_array_nd LOCAL pass: reject a non-array (must be 1-D or 2-D)."
"core/MMtrace.c","672","rank-scan","g_vartbl[i].dims[1] != 0","!DimIsEnd(RAW_DIM(g_vartbl[i], 1))","resolve_array_nd LOCAL: a second dimension exists -> ndim 2. MAXDIM>1 short-circuit kept ahead of it."
"core/MMtrace.c","674","rank-scan","g_vartbl[i].dims[2] != 0","!DimIsEnd(RAW_DIM(g_vartbl[i], 2))","resolve_array_nd LOCAL: a third dimension exists -> unsupported, bail out."
"core/MMtrace.c","715","scalar-test","g_vartbl[i].dims[0] == 0","DimIsScalar(RAW_DIM(g_vartbl[i], 0))","resolve_array_nd GLOBAL pass: reject a non-array."
"core/MMtrace.c","718","rank-scan","g_vartbl[i].dims[1] != 0","!DimIsEnd(RAW_DIM(g_vartbl[i], 1))","resolve_array_nd GLOBAL: second dimension present -> ndim 2."
"core/MMtrace.c","720","rank-scan","g_vartbl[i].dims[2] != 0","!DimIsEnd(RAW_DIM(g_vartbl[i], 2))","resolve_array_nd GLOBAL: third dimension present -> unsupported."
"core/MMtrace.c","783","is-array-test","g_vartbl[i].dims[0] != 0","DimIsAllocated(RAW_DIM(g_vartbl[i], 0))","resolve_str_scalar LOCAL pass: must be a plain string scalar, reject arrays."
"core/MMtrace.c","805","is-array-test","g_vartbl[i].dims[0] != 0","DimIsAllocated(RAW_DIM(g_vartbl[i], 0))","resolve_str_scalar GLOBAL pass: same array rejection."
"core/MMtrace.c","905","is-array-test","g_vartbl[found].dims[0] != 0","DimIsAllocated(RAW_DIM(g_vartbl[found], 0))","re_resolve_locals, string LVAR ops: re-resolved variable must still be a string scalar, not an array."
"core/MMtrace.c","920","scalar-test","g_vartbl[found].dims[0] == 0","DimIsScalar(RAW_DIM(g_vartbl[found], 0))","re_resolve_locals, array ops: re-resolved variable must still be an array."
"core/MMtrace.c","924","rank-scan","g_vartbl[found].dims[1] != 0","!DimIsEnd(RAW_DIM(g_vartbl[found], 1))","re_resolve_locals: compiled for 1-D, so a second dimension now means the shape changed -> reject."
"core/MMtrace.c","929","rank-scan","g_vartbl[found].dims[1] == 0","DimIsEnd(RAW_DIM(g_vartbl[found], 1))","re_resolve_locals: compiled for 2-D, so a missing second dimension means the shape changed -> reject."
"core/MMtrace.c","931","rank-scan","g_vartbl[found].dims[2] != 0","!DimIsEnd(RAW_DIM(g_vartbl[found], 2))","re_resolve_locals: a third dimension now present -> reject."
"core/MMtrace.c","945","is-array-test","g_vartbl[found].dims[0] != 0","DimIsAllocated(RAW_DIM(g_vartbl[found], 0))","re_resolve_locals, plain scalar ops: re-resolved variable must not have become an array."
"core/MMtrace.c","2547","bounds-check","int64_t hi = g_vartbl[vi].dims[0];","int64_t hi = DimUpper(RAW_DIM(g_vartbl[vi], 0));","replay OP_LOAD_*_NBR_AIDX1: hi is used only as the inclusive upper bound in 'iv > hi'."
"core/MMtrace.c","2562","bounds-check","int64_t hi = g_vartbl[vi].dims[0];","int64_t hi = DimUpper(RAW_DIM(g_vartbl[vi], 0));","replay OP_LOAD_*_INT_AIDX1: inclusive upper bound for the index check."
"core/MMtrace.c","2580","bounds-check","int64_t hi0 = g_vartbl[vi].dims[0];","int64_t hi0 = DimUpper(RAW_DIM(g_vartbl[vi], 0));","replay OP_LOAD_*_NBR_AIDX2: bound for index i, and feeds 'stride = hi0 + 1 - g_OptionBase'."
"core/MMtrace.c","2581","bounds-check","int64_t hi1 = g_vartbl[vi].dims[1];","int64_t hi1 = DimUpper(RAW_DIM(g_vartbl[vi], 1));","replay OP_LOAD_*_NBR_AIDX2: bound for index j."
"core/MMtrace.c","2602","bounds-check","int64_t hi0 = g_vartbl[vi].dims[0];","int64_t hi0 = DimUpper(RAW_DIM(g_vartbl[vi], 0));","replay OP_LOAD_*_INT_AIDX2: bound for index i, and feeds the stride expression."
"core/MMtrace.c","2603","bounds-check","int64_t hi1 = g_vartbl[vi].dims[1];","int64_t hi1 = DimUpper(RAW_DIM(g_vartbl[vi], 1));","replay OP_LOAD_*_INT_AIDX2: bound for index j."
"core/MMtrace.c","2952","bounds-check","int64_t hi = g_vartbl[vi].dims[0];","int64_t hi = DimUpper(RAW_DIM(g_vartbl[vi], 0));","replay OP_STORE_*_NBR_AIDX1: inclusive upper bound for the index check."
"core/MMtrace.c","2967","bounds-check","int64_t hi = g_vartbl[vi].dims[0];","int64_t hi = DimUpper(RAW_DIM(g_vartbl[vi], 0));","replay OP_STORE_*_INT_AIDX1: inclusive upper bound for the index check."
"core/MMtrace.c","2986","bounds-check","int64_t hi0 = g_vartbl[vi].dims[0];","int64_t hi0 = DimUpper(RAW_DIM(g_vartbl[vi], 0));","replay OP_STORE_*_NBR_AIDX2: bound for index i, and feeds the stride expression."
"core/MMtrace.c","2987","bounds-check","int64_t hi1 = g_vartbl[vi].dims[1];","int64_t hi1 = DimUpper(RAW_DIM(g_vartbl[vi], 1));","replay OP_STORE_*_NBR_AIDX2: bound for index j."
"core/MMtrace.c","3008","bounds-check","int64_t hi0 = g_vartbl[vi].dims[0];","int64_t hi0 = DimUpper(RAW_DIM(g_vartbl[vi], 0));","replay OP_STORE_*_INT_AIDX2: bound for index i, and feeds the stride expression."
"core/MMtrace.c","3009","bounds-check","int64_t hi1 = g_vartbl[vi].dims[1];","int64_t hi1 = DimUpper(RAW_DIM(g_vartbl[vi], 1));","replay OP_STORE_*_INT_AIDX2: bound for index j."
"core/MMtrace.c","3733","is-array-test","g_vartbl[j].dims[0] != 0","DimIsAllocated(RAW_DIM(g_vartbl[j], 0))","TraceCacheTryInc loop-variable re-resolve: skip array entries when hunting the scalar loop variable."
"core/MMtrace.c","3764","is-array-test","g_vartbl[j].dims[0] != 0","DimIsAllocated(RAW_DIM(g_vartbl[j], 0))","TraceCacheTryInc STEP-variable re-resolve: same array skip."
"graphics/DrawInternal.h","132","is-array-test","g_vartbl[g_VarIndex].dims[0] <= 0","!DimIsRealArray(RAW_DIM(g_vartbl[g_VarIndex], 0))","getargaddress(): decides the argument is a plain scalar (not a real array) and returns n=1. Table-sanctioned mapping for '<= 0'; expands to !((d) > 0), identical to (d) <= 0."
"graphics/DrawInternal.h","140","element-count","g_vartbl[g_VarIndex].dims[0] + 1 - g_OptionBase","DimElements(RAW_DIM(g_vartbl[g_VarIndex], 0))","Element count of the (1-D) numeric array argument when the caller passed *n == 0 (take the whole array). Exact '+ 1 - g_OptionBase' form."
"graphics/DrawInternal.h","142","element-count","(g_vartbl[g_VarIndex].dims[0] + 1 - g_OptionBase)","(DimElements(RAW_DIM(g_vartbl[g_VarIndex], 0)))","The true-arm of the same ternary on line 142 (min of array length and requested count)."
"graphics/DrawInternal.h","142","element-count","(g_vartbl[g_VarIndex].dims[0] + 1 - g_OptionBase) < *n","(DimElements(RAW_DIM(g_vartbl[g_VarIndex], 0))) < *n","Same element count, used as the left operand of the min() against the caller's requested count. Outer parens preserved."
"graphics/DrawInternal.h","161","rank-scan","g_vartbl[g_VarIndex].dims[1] != 0","!DimIsEnd(RAW_DIM(g_vartbl[g_VarIndex], 1))","Rejects arrays with a second dimension (StandardError(6), 2-D not supported) - i.e. 'another dimension exists'."
"graphics/DrawInternal.h","214","element-count","g_vartbl[g_VarIndex].dims[0] + 1 - g_OptionBase","DimElements(RAW_DIM(g_vartbl[g_VarIndex], 0))","STRUCTENABLED branch: element count of a struct array accessed as points().member when the caller passed *n == 0."
"graphics/DrawInternal.h","216","element-count","(g_vartbl[g_VarIndex].dims[0] + 1 - g_OptionBase)","(DimElements(RAW_DIM(g_vartbl[g_VarIndex], 0)))","True-arm of the same ternary on line 216."
"graphics/DrawInternal.h","216","element-count","(g_vartbl[g_VarIndex].dims[0] + 1 - g_OptionBase) < *n","(DimElements(RAW_DIM(g_vartbl[g_VarIndex], 0))) < *n","Struct-array element count as the left operand of the min() against the caller's requested count."
"graphics/DrawInternal.h","219","rank-scan","g_vartbl[g_VarIndex].dims[1] != 0","!DimIsEnd(RAW_DIM(g_vartbl[g_VarIndex], 1))","Struct branch: rejects 2-D struct arrays (StandardError(6)) - 'another dimension exists'. Text is identical to line 161 so the edit was anchored on the preceding comment."
"io/Audio.c","2479","is-array-test","g_vartbl[g_VarIndex].dims[0] != 0","DimIsAllocated(RAW_DIM(g_vartbl[g_VarIndex], 0))","PLAY STREAM, argument 2: after findvar(V_FIND|V_EMPTY_OK|V_NOFIND_ERR) the code rejects the variable if it is an array (or an unbound empty array parameter), because streamreadpointer must point at a plain integer scalar. Meaning is 'is an array / owns heap', so DimIsAllocated on slot 0; expansion ((d) != 0) is textually equivalent."
"io/Audio.c","2488","is-array-test","g_vartbl[g_VarIndex].dims[0] != 0","DimIsAllocated(RAW_DIM(g_vartbl[g_VarIndex], 0))","PLAY STREAM, argument 3: identical guard for streamwritepointer - rejects an array/array-parameter so only a scalar integer variable is accepted. DimIsAllocated on slot 0, expansion identical to the original != 0 test."
"misc/Custom.c","1220","is-array-test","g_vartbl[g_VarIndex].dims[0] > 0","DimIsRealArray(RAW_DIM(g_vartbl[g_VarIndex], 0))","PIO READ: target must be a real integer array (excludes scalar 0 and unbound empty param -1) before the FIFO drain writes into it."
"misc/Custom.c","1220","rank-scan","g_vartbl[g_VarIndex].dims[1] == 0","DimIsEnd(RAW_DIM(g_vartbl[g_VarIndex], 1))","PIO READ: second dimension slot must terminate, i.e. the array is one-dimensional."
"misc/Custom.c","1222","element-count","(g_vartbl[g_VarIndex].dims[0] + 1 - g_OptionBase)","(DimElements(RAW_DIM(g_vartbl[g_VarIndex], 0)))","PIO READ bounds check: total element count of the 1-D array, compared against the write offset plus nbr. Text is exactly upper bound + 1 - OPTION BASE, so DimElements is the faithful choice."
"misc/Custom.c","1225","scalar-test","g_vartbl[g_VarIndex].dims[0] == 0","DimIsScalar(RAW_DIM(g_vartbl[g_VarIndex], 0))","PIO READ: the alternative accepted form is a plain (non-array) integer variable with nbr == 1."
"misc/Custom.c","2249","scalar-test","g_vartbl[g_VarIndex].dims[0] == 0","DimIsScalar(RAW_DIM(g_vartbl[g_VarIndex], 0))","PIO MAKE RING BUFFER: the named variable must currently be a plain global integer scalar before it is repurposed as a ring buffer."
"misc/Custom.c","2253","assignment","g_vartbl[g_VarIndex].dims[0] = size / 8 - 1 + g_OptionBase;","RAW_DIM(g_vartbl[g_VarIndex], 0) = size / 8 - 1 + g_OptionBase;","PIO MAKE RING BUFFER: writes a synthetic upper bound into slot 0 so the scalar now presents as an integer array covering the allocated buffer. Raw stored write."
"misc/Custom.c","3058","rank-scan","g_vartbl[g_VarIndex].dims[1] != 0","!DimIsEnd(RAW_DIM(g_vartbl[g_VarIndex], 1))","JSON$: rejects a multi-dimensional source array (a second dimension is present)."
"misc/Custom.c","3060","is-array-test","g_vartbl[g_VarIndex].dims[0] <= 0","!DimIsRealArray(RAW_DIM(g_vartbl[g_VarIndex], 0))","JSON$: source must be a real array; the existing in-code comment on this branch is ""Not an array"". Catches scalar (0) and unbound empty param (-1)."
"misc/Custom.c","3074","fragile-minus-base","(int64_t)(g_vartbl[g_VarIndex].dims[0] - g_OptionBase) * 8","(int64_t)(DimUpper(RAW_DIM(g_vartbl[g_VarIndex], 0)) - g_OptionBase) * 8","JSON$ capacity clamp: bytes available AFTER dest[0] (the LongString length word), i.e. deliberately DimElements() - 1. No '+ 1' in the source text, so NOT DimElements; converted to DimUpper minus base to stay textually identical."
"misc/FileIO.c","7153","rank-scan","g_vartbl[g_VarIndex].dims[j] != 0","!DimIsEnd(RAW_DIM(g_vartbl[g_VarIndex], j))","VAR RESTORE: loop condition walking the dimension table to count the rank of an array being restored from flash; the test means 'another dimension present', so DimIsEnd negated, not DimIsAllocated."
"misc/FileIO.c","7154","element-count","(g_vartbl[g_VarIndex].dims[j] + 1 - g_OptionBase)","DimElements(RAW_DIM(g_vartbl[g_VarIndex], j))","VAR RESTORE: multiplies out the element count per dimension to recompute the expected saved byte size and compare it with the size stored in the flash record. Text is exactly upper bound + 1 - g_OptionBase, so DimElements is textually equivalent."
"misc/FileIO.c","7276","is-array-test","(g_vartbl[g_VarIndex].dims[0] != 0)","DimIsAllocated(RAW_DIM(g_vartbl[g_VarIndex], 0))","VAR SAVE: sets the local 'array' flag, which also drives the 0x80 top bit written into the saved type byte. Slot 0 non-zero means array or array parameter, hence DimIsAllocated. Redundant outer parens dropped; the macro supplies its own."
"misc/FileIO.c","7281","rank-scan","g_vartbl[g_VarIndex].dims[j] != 0","!DimIsEnd(RAW_DIM(g_vartbl[g_VarIndex], j))","VAR SAVE: same dimension-table walk as line 7153, counting the rank of the array being written to flash."
"misc/FileIO.c","7282","element-count","(g_vartbl[g_VarIndex].dims[j] + 1 - g_OptionBase)","DimElements(RAW_DIM(g_vartbl[g_VarIndex], j))","VAR SAVE: total element count of the array, later scaled by element size to decide how many bytes to write to flash. Same exact + 1 - g_OptionBase form as line 7154."
"net/MMTCPclient.c","748","is-array-test","g_vartbl[g_VarIndex].dims[0] != 0","DimIsAllocated(RAW_DIM(g_vartbl[g_VarIndex], 0))","TCP CLIENT STREAM: argv[4] must be a plain integer scalar; the variable just resolved by findvar is rejected with ""Argument 3 must be an integer"" if dims[0] is non-zero, i.e. it is an array or an array parameter. Expansion is textually identical to the original."
"net/MMTCPclient.c","757","is-array-test","g_vartbl[g_VarIndex].dims[0] != 0","DimIsAllocated(RAW_DIM(g_vartbl[g_VarIndex], 0))","Same test one argument later: argv[6] must be a plain integer scalar, rejected with ""Argument 4 must be an integer"" if dims[0] is non-zero. DimIsAllocated for the same reason."
"net/MMtcpserver.c","832","rank-scan","g_vartbl[g_VarIndex].dims[1] != 0","!DimIsEnd(RAW_DIM(g_vartbl[g_VarIndex], 1))","TCP READ: rejects the destination integer array (StandardError(6), ""Invalid variable"") if a second dimension is present, i.e. only 1-D arrays are accepted. Tests slot 1 for ""another dimension exists"", so DimIsEnd negated."
"net/MMtcpserver.c","834","is-array-test","g_vartbl[g_VarIndex].dims[0] <= 0","!DimIsRealArray(RAW_DIM(g_vartbl[g_VarIndex], 0))","TCP READ: ""Not an array"" guard on the destination variable (comment on the very next line says so). <= 0 means neither a real dimension nor the -1 unbound-parameter case, which maps exactly to !DimIsRealArray."
"net/MMtcpserver.c","838","element-count","size = (g_vartbl[g_VarIndex].dims[0] - g_OptionBase + 1) * 8;","size = (DimUpper(RAW_DIM(g_vartbl[g_VarIndex], 0)) - g_OptionBase + 1) * 8;","TCP READ: byte size of the destination 64-bit integer array = element count * 8. This is upper bound + 1 - OPTION BASE but written as '- g_OptionBase + 1', so per the brief the original operand order is preserved with DimUpper() rather than folded into DimElements()."
"net/MMtcpserver.c","871","fragile-minus-base","//                int j=(g_vartbl[g_VarIndex].dims[0] - g_OptionBase);","//                int j=(DimUpper(RAW_DIM(g_vartbl[g_VarIndex], 0)) - g_OptionBase);","Commented-out dead code inside TCP SEND (a leftover length calculation, superseded by parseintegerarray + dest[0]). Converted only so the file greps clean; zero code impact. It is '- g_OptionBase' with NO '+ 1', so it is deliberately NOT DimElements - written as DimUpper(...) - g_OptionBase."
"net/WiFi.c","546","rank-scan","g_vartbl[g_VarIndex].dims[1] != 0","!DimIsEnd(RAW_DIM(g_vartbl[g_VarIndex], 1))","WEB SCAN target must be a one-dimensional INTEGER array; this rejects it (StandardError(6)) if a second dimension is present, i.e. it asks 'is there another dimension after 0'."
"net/WiFi.c","548","is-array-test","g_vartbl[g_VarIndex].dims[0] <= 0","!DimIsRealArray(RAW_DIM(g_vartbl[g_VarIndex], 0))","In-source comment says 'Not an array' ??? rejects a scalar (0) and also an unbound empty parameter (-1) via the <= 0 arithmetic. Mapped per the conversion table's `<= 0` -> !DimIsRealArray row; expansion is textually equivalent."
"net/WiFi.c","552","fragile-minus-base","(g_vartbl[g_VarIndex].dims[0] - g_OptionBase) * 8","(DimUpper(RAW_DIM(g_vartbl[g_VarIndex], 0)) - g_OptionBase) * 8","Computes the byte size available for the scan result string: upper bound minus OPTION BASE, times 8 bytes per INTEGER element. There is NO `+ 1`, so this is one element short of DimElements ??? element 0 is reserved for the length written later at line 579. Kept as DimUpper() - g_OptionBase, not DimElements."
